seq #,position,residue,bepipred score,bepipred residue relative rank,bepipred assignment
1,1,C,0.097,81.05,n
1,2,S,0.123,55.56,n
1,3,S,0.146,43.79,n
1,4,N,0.17,33.33,E
1,5,K,0.197,22.88,E
1,6,N,0.214,18.95,E
1,7,A,0.227,16.99,E
1,8,S,0.233,15.03,E
1,9,N,0.238,12.42,E
1,10,D,0.244,7.19,E
1,11,Q,0.243,8.5,E
1,12,S,0.248,4.58,E
1,13,G,0.253,0,E
1,14,E,0.248,3.92,E
1,15,G,0.249,2.61,E
1,16,M,0.246,5.23,E
1,17,L,0.246,5.88,E
1,18,G,0.24,11.11,E
1,19,A,0.237,13.07,E
1,20,G,0.236,13.73,E
1,21,T,0.233,15.69,E
1,22,G,0.235,14.38,E
1,23,M,0.239,11.76,E
1,24,D,0.242,9.15,E
1,25,A,0.243,7.84,E
1,26,N,0.242,9.8,E
1,27,G,0.25,1.96,E
1,28,N,0.249,3.27,E
1,29,G,0.251,1.31,E
1,30,G,0.252,0.65,E
1,31,N,0.244,6.54,E
1,32,M,0.24,10.46,E
1,33,S,0.23,16.34,E
1,34,S,0.219,17.65,E
1,35,E,0.218,18.3,E
1,36,E,0.212,19.61,E
1,37,Q,0.205,21.57,E
1,38,A,0.196,24.18,E
1,39,R,0.194,25.49,E
1,40,L,0.191,26.8,E
1,41,Q,0.182,29.41,E
1,42,M,0.175,31.37,E
1,43,Q,0.18,30.07,E
1,44,Q,0.169,33.99,E
1,45,L,0.156,38.56,E
1,46,Q,0.15,41.83,n
1,47,Q,0.135,49.02,n
1,48,N,0.123,56.21,n
1,49,N,0.108,69.28,n
1,50,I,0.105,71.9,n
1,51,V,0.112,63.4,n
1,52,Y,0.103,73.2,n
1,53,F,0.109,66.01,n
1,54,D,0.121,58.82,n
1,55,L,0.122,56.86,n
1,56,D,0.125,54.25,n
1,57,K,0.136,48.37,n
1,58,Y,0.153,39.87,E
1,59,D,0.16,36.6,E
1,60,I,0.153,39.22,E
1,61,R,0.152,40.52,E
1,62,S,0.151,41.18,E
1,63,D,0.14,45.75,n
1,64,F,0.125,53.59,n
1,65,A,0.132,50.98,n
1,66,A,0.124,54.9,n
1,67,M,0.108,67.97,n
1,68,L,0.091,88.24,n
1,69,D,0.101,75.82,n
1,70,A,0.104,72.55,n
1,71,H,0.087,90.85,n
1,72,A,0.098,79.08,n
1,73,N,0.117,60.78,n
1,74,F,0.121,59.48,n
1,75,L,0.122,57.52,n
1,76,R,0.137,47.06,n
1,77,S,0.146,44.44,n
1,78,N,0.144,45.1,n
1,79,P,0.132,52.29,n
1,80,S,0.137,47.71,n
1,81,Y,0.116,61.44,n
1,82,K,0.105,71.24,n
1,83,V,0.093,84.31,n
1,84,T,0.08,94.12,n
1,85,V,0.063,96.08,n
1,86,E,0.062,96.73,n
1,87,G,0.054,98.04,n
1,88,H,0.077,94.77,n
1,89,A,0.083,93.46,n
1,90,D,0.102,74.51,n
1,91,E,0.122,58.17,n
1,92,R,0.14,46.41,n
1,93,G,0.161,35.95,E
1,94,T,0.173,32.03,E
1,95,P,0.188,28.1,E
1,96,E,0.185,28.76,E
1,97,Y,0.169,34.64,E
1,98,N,0.159,37.25,E
1,99,I,0.149,42.48,n
1,100,A,0.146,43.14,n
1,101,L,0.132,51.63,n
1,102,G,0.108,68.63,n
1,103,E,0.116,62.09,n
1,104,R,0.101,77.12,n
1,105,R,0.092,84.97,n
1,106,A,0.091,87.58,n
1,107,N,0.114,62.75,n
1,108,A,0.109,66.67,n
1,109,V,0.083,92.81,n
1,110,K,0.093,83.66,n
1,111,M,0.111,64.05,n
1,112,Y,0.097,80.39,n
1,113,L,0.096,81.7,n
1,114,Q,0.097,79.74,n
1,115,G,0.101,76.47,n
1,116,K,0.087,91.5,n
1,117,G,0.1,77.78,n
1,118,V,0.109,67.32,n
1,119,S,0.095,83.01,n
1,120,A,0.09,88.89,n
1,121,D,0.087,90.2,n
1,122,Q,0.091,86.27,n
1,123,I,0.099,78.43,n
1,124,S,0.102,75.16,n
1,125,I,0.092,85.62,n
1,126,V,0.086,92.16,n
1,127,S,0.088,89.54,n
1,128,Y,0.109,65.36,n
1,129,G,0.107,69.93,n
1,130,K,0.107,70.59,n
1,131,E,0.11,64.71,n
1,132,K,0.128,52.94,n
1,133,P,0.134,49.67,n
1,134,A,0.159,37.91,E
1,135,V,0.172,32.68,E
1,136,L,0.191,27.45,E
1,137,G,0.193,26.14,E
1,138,H,0.196,23.53,E
1,139,D,0.21,20.26,E
1,140,E,0.209,20.92,E
1,141,A,0.203,22.22,E
1,142,A,0.195,24.84,E
1,143,Y,0.177,30.72,E
1,144,A,0.162,35.29,E
1,145,K,0.133,50.33,n
1,146,N,0.117,60.13,n
1,147,R,0.102,73.86,n
1,148,R,0.096,82.35,n
1,149,A,0.091,86.93,n
1,150,V,0.068,95.42,n
1,151,L,0.057,97.39,n
1,152,V,0.046,98.69,n
1,153,Y,0.035,99.35,n